screen,target,pred_x,pred_y,actual_x,actual_y,dx,dy,dist,hit
settings,搜索编辑框,0.50,0.23,0.50,0.22,0,28,28,true
settings,启动小布助手,0.49,0.03,0.90,0.22,-516,-521,733,false
settings,软件更新,0.35,0.31,0.50,0.31,-191,13,191,true
settings,"安装 ColorOS 新版本，体验最新功能",0.45,0.33,0.50,0.31,-64,72,96,true
settings,BorryBaba,0.38,0.41,0.50,0.41,-159,-14,160,true
settings,"管理账号、云服务、查找",0.40,0.44,0.50,0.41,-127,71,145,true
settings,飞行模式,0.31,0.52,0.50,0.51,-248,30,250,true
settings,关闭,0.78,0.58,0.50,0.51,356,204,410,false
settings,已关闭,0.83,0.60,0.50,0.58,420,60,424,true
settings,已连接,0.79,0.67,0.50,0.64,369,66,375,true
settings,设备互联,0.32,0.78,0.50,0.77,-229,15,229,true
settings,显示与亮度,0.50,0.92,0.50,0.93,0,-24,24,true
settings,声音与振动,0.33,0.93,0.50,0.98,-216,-142,258,false
display,返回,0.07,0.08,0.08,0.08,-5,-2,6,true
display,字体,0.10,0.25,0.50,0.25,-509,27,509,true
display,显示大小,0.14,0.31,0.50,0.31,-458,11,458,true
display,"FHD+ 超清画质",0.73,0.41,0.50,0.39,293,55,298,true
display,智能切换,0.73,0.47,0.50,0.45,295,48,299,true
display,画质超清增强,0.50,0.54,0.50,0.51,0,79,79,true
display,视频色彩增强,0.50,0.58,0.50,0.57,0,34,34,true
display,自动旋转,0.16,0.73,0.50,0.70,-439,101,450,false
display,关闭,0.78,0.51,0.50,0.70,356,-529,638,false
display,5 分钟,0.81,0.77,0.50,0.76,394,42,397,true
display,"检测到眼睛注视屏幕时，屏幕保持点亮状态",0.44,0.84,0.50,0.84,-76,3,76,true
display,应用全屏显示,0.50,0.91,0.50,0.92,0,-25,25,true
pdd,便携屏幕,0.60,0.07,0.50,0.08,127,-33,131,true
pdd,推荐,0.15,0.15,0.09,0.14,83,30,88,true
pdd,手机,0.45,0.16,0.46,0.14,-10,64,64,true
pdd,百货,0.53,0.08,0.60,0.14,-87,-166,188,false
pdd,食品,0.78,0.14,0.74,0.14,51,10,52,true
pdd,"预计1天内抢完",0.16,0.15,0.25,0.23,-115,-217,246,false
pdd,已拼9683件,0.44,0.32,0.25,0.23,246,273,367,false
pdd,绿联H6magic蓝牙耳机降,0.75,0.12,0.75,0.23,7,-296,296,false
pdd,本店已拼1289件,0.80,0.31,0.75,0.23,65,237,245,false
